Employee_ID,Department,Job_Role,Education_Level,Age,Years_At_Company,Monthly_Income,Performance_Score,Join_Date,Attrition
601,Engineering,Software Engineer,Bachelor,21,13.0,7155.17,92.0,2011-07-15,No
737,Sales,Sales Executive,Master,30,2.0,5122.52,59.0,2022-09-22,No
315,Finance,Accountant,Bachelor,37,0.0,4578.13,80.0,2024-06-18,No
816,Sales,Sales Manager,Bachelor,31,0.0,3649.32,79.0,2024-08-15,No
979,Marketing,Marketing Analyst,Bachelor,42,2.0,4218.21,75.0,2022-09-07,No
10,Sales,Account Rep,Bachelor,31,3.0,5031.15,76.0,2021-09-21,No
135,Marketing,Marketing Manager,Master,35,12.0,7297.6,86.0,2012-09-26,No
778,Sales,Sales Manager,Bachelor,36,0.0,2422.59,73.0,2024-06-13,No
410,Finance,Finance Manager,High School,21,0.0,2736.65,84.0,2024-06-22,No
413,Finance,Finance Manager,Bachelor,25,1.0,3406.96,77.0,2023-08-23,Yes
460,Engineering,Software Engineer,Bachelor,24,0.4,3563.54,56.0,2023-02-19,No
510,Finance,Finance Manager,High School,29,0.0,2590.3,97.0,2024-11-09,No
55,Engineering,Senior Engineer,High School,38,2.0,3663.41,60.0,2022-03-19,No
802,Marketing,Content Specialist,Bachelor,34,4.0,5443.74,73.0,2020-11-24,No
714,HR,HR Specialist,PhD,21,0.0,6519.52,64.0,2024-03-08,No
543,Sales,Sales Manager,Bachelor,37,2.0,4255.01,68.0,2022-05-22,No
768,Sales,Sales Executive,Bachelor,31,2.0,4932.27,100.0,2022-05-25,Yes
147,Marketing,Content Specialist,Bachelor,34,4.0,4583.48,69.0,2020-04-14,No
837,Engineering,QA Engineer,Master,39,3.0,6223.34,84.0,2021-04-12,Yes
488,HR,Recruiter,Master,39,4.0,6656.28,58.0,2020-09-21,No
874,Engineering,Senior Engineer,Bachelor,32,1.0,2481.58,62.0,2023-02-07,No
949,Marketing,Content Specialist,High School,21,2.0,3293.4,64.0,2022-01-05,No
719,Sales,Sales Executive,Master,38,0.0,5076.62,78.0,2024-10-17,No
35,Marketing,Marketing Manager,Bachelor,35,1.0,4700.66,85.0,2023-01-17,No
172,Marketing,Marketing Analyst,Bachelor,36,1.0,3729.38,81.0,2023-03-21,No
396,Engineering,Senior Engineer,Bachelor,21,9.0,7267.35,63.0,2015-07-14,No
369,Marketing,Marketing Manager,Bachelor,27,0.0,3651.04,80.0,2024-11-27,No
362,Sales,Account Rep,Bachelor,37,4.0,4259.49,71.4,2020-10-27,Yes
329,HR,Recruiter,Bachelor,36,1.0,3295.63,71.0,2023-07-20,No
684,Marketing,Content Specialist,Bachelor,41,6.0,6256.33,82.0,2018-07-01,No
257,Sales,Sales Executive,Master,37,11.0,9446.36,85.0,2013-04-18,Yes
1000,Sales,Account Rep,Master,40,0.0,3992.95,51.0,2024-11-25,Yes
180,Sales,Account Rep,Master,43,0.0,5806.0,72.0,2024-03-17,No
919,Sales,Sales Executive,High School,29,0.0,6025.25,69.0,2024-03-07,No
586,Marketing,Marketing Manager,Bachelor,37,2.0,5695.2,85.0,2022-04-10,No
165,HR,Recruiter,Bachelor,38,8.0,6469.49,61.0,2016-02-11,No
850,Engineering,QA Engineer,Master,40,6.0,5752.89,61.0,2018-08-18,No
957,Engineering,Senior Engineer,Bachelor,43,0.0,3470.17,69.0,2024-07-17,Yes
467,Sales,Account Rep,Bachelor,21,2.2,3308.2,47.0,2023-06-12,Yes
373,Finance,Financial Analyst,Bachelor,49,1.0,3544.52,73.0,2023-12-06,No
602,Sales,Sales Manager,Bachelor,28,1.0,3805.73,58.0,2023-08-25,No
485,Engineering,Senior Engineer,Master,36,0.0,3663.35,78.0,2024-10-14,Yes
14,Sales,Account Rep,Master,30,2.0,7016.19,86.0,2022-08-27,No
749,Engineering,Senior Engineer,Master,37,0.0,5402.94,73.0,2024-05-03,No
317,Finance,Finance Manager,High School,39,10.0,5125.66,71.4,2014-12-01,No
456,Sales,Sales Manager,Bachelor,23,0.0,3527.11,76.0,2024-08-06,No
217,HR,Recruiter,PhD,43,8.0,7754.65,79.0,2016-07-16,No
490,Marketing,Marketing Analyst,High School,41,0.0,3295.19,80.0,2024-12-13,Yes
306,Sales,Sales Executive,Bachelor,30,0.0,3913.6,75.0,2024-08-24,Yes
659,Sales,Account Rep,Bachelor,24,4.0,4962.91,98.0,2020-09-18,No
956,Sales,Sales Manager,Bachelor,39,2.0,4966.18,68.0,2022-10-06,No
583,Engineering,Software Engineer,Bachelor,35,7.0,4746.41,74.0,2017-12-15,No
900,Sales,Account Rep,Master,45,2.0,4629.46,82.0,2022-05-17,No
661,Sales,Sales Executive,Bachelor,38,2.0,4392.07,64.0,2022-08-18,No
409,Sales,Sales Manager,High School,33,6.0,4193.69,63.0,2018-10-17,No
100,Engineering,Software Engineer,Bachelor,50,1.0,4243.07,64.0,2023-05-11,Yes
786,Engineering,Software Engineer,Bachelor,50,9.0,6458.52,70.0,2015-11-26,No
154,Marketing,Marketing Analyst,High School,42,2.0,2873.64,71.0,2022-12-18,No
47,HR,HR Manager,Master,25,12.0,7633.42,55.0,2012-02-08,No
5,Sales,Sales Manager,Master,56,2.6,5659.42,80.0,2024-07-25,Yes
173,Sales,Sales Manager,Master,38,2.0,4876.5,58.0,2022-07-07,No
966,Sales,Sales Executive,Bachelor,30,7.0,6996.87,77.0,2017-08-07,No
927,Marketing,Content Specialist,Bachelor,42,0.0,4490.99,57.0,2024-05-17,Yes
998,Sales,Account Rep,Bachelor,43,0.0,4061.57,87.0,2024-10-23,No
260,Engineering,QA Engineer,Bachelor,31,1.0,4066.44,73.0,2023-08-01,No
559,Sales,Sales Manager,PhD,27,10.0,8586.79,80.0,2014-06-06,No
233,Sales,Sales Manager,Bachelor,42,5.0,4501.98,77.0,2019-05-10,No
109,Finance,Accountant,Bachelor,47,1.0,4961.88,54.0,2023-06-22,Yes
855,Engineering,Senior Engineer,Bachelor,31,1.0,4300.9,82.0,2023-03-13,No
981,Marketing,Content Specialist,Master,48,0.0,4435.48,91.0,2024-05-20,No
99,Sales,Sales Executive,Master,41,7.2,5579.88,78.0,2021-01-06,No
766,HR,HR Manager,Master,29,2.0,5924.22,50.0,2022-07-12,Yes
834,Engineering,Software Engineer,Master,28,0.0,5443.1,79.0,2024-06-16,No
221,Finance,Financial Analyst,High School,28,7.0,4989.51,70.0,2017-10-13,No
358,Engineering,Senior Engineer,High School,25,8.0,5999.14,74.0,2016-02-13,No
972,Engineering,Software Engineer,Master,36,2.0,5678.76,70.0,2022-02-05,No
25,Sales,Sales Executive,Bachelor,29,8.0,5688.87,71.6,2016-06-19,No
993,Engineering,Software Engineer,Bachelor,44,1.0,3872.68,71.0,2023-05-14,Yes
682,Engineering,QA Engineer,High School,24,0.4,2277.65,60.0,2024-01-09,No
385,Sales,Account Rep,Bachelor,32,1.2,3441.67,84.0,2023-11-18,No
95,Finance,Finance Manager,Bachelor,38,0.0,3512.89,70.0,2024-10-03,Yes
771,Marketing,Marketing Manager,Bachelor,21,1.0,4517.51,83.0,2023-07-22,No
114,Finance,Accountant,Master,45,2.8,5817.87,95.0,2022-06-26,No
126,Sales,Account Rep,PhD,28,0.0,6601.62,65.0,2024-01-12,No
61,Marketing,Marketing Manager,Bachelor,56,0.0,2881.73,61.0,2024-12-02,Yes
434,HR,HR Manager,Master,28,3.0,4855.43,79.0,2021-11-25,No
296,Engineering,QA Engineer,Master,29,5.0,7022.31,68.8,2019-05-10,No
245,Marketing,Content Specialist,Bachelor,41,0.0,3737.51,100.0,2024-03-20,No
681,HR,Recruiter,PhD,52,4.0,8960.84,90.0,2020-06-26,Yes
76,Finance,Accountant,Bachelor,21,2.0,4903.51,87.0,2022-07-03,Yes
899,Sales,Sales Executive,Bachelor,25,6.2,2901.76,73.0,2023-08-25,No
427,Engineering,Senior Engineer,High School,25,3.0,5100.42,97.0,2021-10-26,No
716,HR,HR Manager,High School,30,2.0,3888.19,67.0,2022-12-27,No
418,Sales,Account Rep,Bachelor,32,5.0,6136.66,88.0,2019-09-23,No
910,Sales,Sales Manager,Bachelor,44,2.0,3936.03,64.0,2022-02-15,No
390,Marketing,Marketing Manager,Master,33,0.0,4200.99,64.0,2024-02-25,No
54,Finance,Accountant,Master,26,3.0,5569.77,75.0,2021-10-23,No
844,HR,Recruiter,Bachelor,21,5.0,5051.16,66.0,2019-10-21,No
351,Finance,Accountant,Bachelor,25,0.0,3603.93,80.0,2024-08-09,No
472,Sales,Sales Executive,Bachelor,44,1.0,4143.85,67.0,2023-04-02,Yes
532,Sales,Account Rep,PhD,52,2.0,7035.25,75.0,2022-08-09,No
644,Sales,Sales Executive,High School,36,16.0,6919.47,74.0,2008-06-14,No
404,Marketing,Marketing Manager,Master,27,0.0,4935.97,51.0,2024-02-22,Yes
907,Engineering,QA Engineer,High School,21,0.0,3354.65,73.0,2024-06-16,No
493,Finance,Finance Manager,Bachelor,39,4.0,4749.94,60.0,2020-06-04,No
376,HR,Recruiter,Bachelor,23,1.6,3106.69,69.0,2024-12-15,Yes
913,Marketing,Marketing Manager,Bachelor,21,4.0,4226.73,77.0,2020-09-04,No
511,Sales,Sales Executive,PhD,31,0.0,5156.98,67.0,2024-03-03,No
98,Finance,Financial Analyst,Bachelor,30,2.0,3410.34,63.0,2022-10-18,No
286,Marketing,Marketing Analyst,Bachelor,29,0.0,3085.05,54.0,2024-04-27,Yes
783,Sales,Sales Executive,Master,30,2.2,4728.2,83.0,2024-04-25,Yes
740,Finance,Finance Manager,Master,37,1.0,4004.03,71.0,2023-08-12,No
499,Engineering,Senior Engineer,High School,25,6.0,4743.11,80.0,2018-10-06,No
781,Finance,Finance Manager,Bachelor,21,2.0,4145.89,75.0,2022-06-19,No
18,Finance,Financial Analyst,Bachelor,34,7.0,5312.33,84.0,2017-04-11,No
197,Finance,Financial Analyst,Bachelor,25,2.0,4804.95,69.0,2022-06-12,No
27,Finance,Accountant,High School,51,5.0,4654.12,72.0,2019-01-24,No
729,HR,HR Manager,Master,30,2.0,4036.99,63.0,2022-08-27,No
744,Sales,Account Rep,PhD,33,2.6,5132.78,39.0,2024-10-16,No
345,Engineering,Software Engineer,Bachelor,39,0.0,2448.96,87.0,2024-04-20,No
703,Marketing,Content Specialist,Master,35,6.0,4741.72,65.0,2018-04-06,No
190,Sales,Sales Executive,Master,36,1.8,5909.95,95.0,2020-05-03,No
743,Engineering,QA Engineer,Bachelor,44,3.0,3017.63,79.6,2021-01-26,No
971,Engineering,Senior Engineer,Master,26,11.0,6364.49,71.0,2013-08-05,No
271,Sales,Sales Manager,High School,39,4.0,4892.35,76.0,2020-11-13,No
807,Marketing,Marketing Analyst,Master,28,0.0,5213.31,81.0,2024-02-13,No
813,Sales,Sales Manager,High School,36,1.0,3350.23,48.0,2023-10-25,Yes
779,HR,HR Manager,Bachelor,31,0.0,2858.12,88.0,2024-02-08,No
796,Sales,Account Rep,Master,40,4.0,6735.44,84.0,2020-02-14,No
352,HR,HR Manager,High School,33,7.0,4546.1,46.0,2017-08-09,No
386,Engineering,Software Engineer,Bachelor,26,1.0,3938.53,51.0,2023-11-06,Yes
753,Engineering,QA Engineer,Bachelor,42,0.0,4283.25,79.0,2024-03-04,No
792,Engineering,Software Engineer,High School,30,6.0,4985.44,93.0,2018-07-04,No
732,Engineering,Senior Engineer,Master,32,6.0,6008.74,61.0,2018-01-21,No
263,Marketing,Marketing Analyst,Bachelor,37,0.0,3775.87,76.0,2024-02-26,No
841,Engineering,QA Engineer,High School,33,0.0,2756.01,75.0,2024-08-01,No
75,Engineering,QA Engineer,High School,45,2.0,2103.84,86.0,2022-01-08,No
169,Engineering,Software Engineer,Bachelor,50,4.4,5670.02,64.0,2020-01-14,No
650,Marketing,Marketing Manager,Bachelor,32,5.0,5979.48,53.0,2019-08-09,No
563,Marketing,Marketing Analyst,Bachelor,44,0.0,4205.86,92.0,2024-02-16,No
660,Finance,Financial Analyst,Bachelor,35,16.0,7428.22,73.0,2008-07-27,No
730,Marketing,Marketing Analyst,Master,26,1.0,4293.99,71.0,2023-04-13,No
554,Finance,Accountant,Bachelor,36,5.0,4584.35,64.0,2019-09-07,No
307,Sales,Account Rep,Master,33,6.0,5149.56,59.0,2018-12-23,Yes
926,Engineering,Senior Engineer,Bachelor,38,4.0,4488.74,74.0,2020-04-27,No
962,Engineering,Software Engineer,Bachelor,30,1.0,4966.99,53.0,2023-05-06,No
758,Engineering,Senior Engineer,Bachelor,31,4.0,4593.37,85.0,2020-08-02,No
897,Engineering,QA Engineer,Bachelor,21,0.0,4477.65,61.0,2024-09-15,No
791,Finance,Finance Manager,Bachelor,52,5.0,7384.53,66.0,2014-08-02,No
642,Engineering,Software Engineer,Bachelor,28,7.0,6092.24,72.0,2017-04-26,Yes
503,Engineering,Senior Engineer,Master,30,4.0,4860.54,69.0,2020-03-26,No
309,Finance,Accountant,Bachelor,31,0.0,4045.58,92.0,2024-12-06,No
111,HR,HR Manager,Master,29,4.0,5114.43,68.0,2024-12-20,No
526,Sales,Sales Manager,Bachelor,30,0.0,4613.56,66.0,2024-01-05,No
870,Sales,Sales Manager,Master,37,0.0,3732.71,95.0,2024-08-09,Yes
58,HR,Recruiter,PhD,42,1.0,5640.02,66.0,2023-08-23,Yes
651,HR,Recruiter,Bachelor,32,2.0,3548.07,76.0,2022-01-02,No
7,Finance,Finance Manager,Master,41,0.0,5343.6,61.0,2024-08-12,No
139,HR,HR Manager,Bachelor,37,1.0,4781.47,74.0,2023-05-01,No
164,Engineering,Software Engineer,Bachelor,28,5.0,4399.43,74.0,2019-07-12,No
359,Finance,Finance Manager,Bachelor,33,0.0,3986.88,48.0,2024-01-17,No
839,Sales,Sales Manager,High School,38,0.0,3077.86,82.0,2024-11-11,No
44,Finance,Accountant,High School,23,2.0,2704.85,80.0,2022-03-06,Yes
616,Engineering,QA Engineer,Bachelor,33,8.0,7094.9,85.0,2016-03-03,No
64,Sales,Account Rep,Bachelor,37,1.0,5088.4,81.0,2023-08-14,No
592,HR,HR Manager,Bachelor,35,1.0,4195.57,80.0,2023-06-25,Yes
587,Marketing,Marketing Manager,Master,29,2.0,6011.45,67.0,2022-07-16,No
39,Engineering,Senior Engineer,High School,43,11.0,5338.26,63.0,2013-06-07,No
400,Engineering,QA Engineer,High School,40,5.0,5503.43,81.0,2019-06-13,No
787,Marketing,Marketing Analyst,Bachelor,24,3.0,4754.93,70.0,2021-11-18,No
889,Finance,Accountant,Master,55,4.0,5430.78,62.0,2020-10-08,No
984,Engineering,Software Engineer,Bachelor,33,3.0,5403.57,57.0,2021-07-13,Yes
205,Sales,Sales Manager,Master,38,3.0,6313.86,61.0,2021-05-21,No
421,Sales,Sales Manager,Bachelor,31,4.0,5376.78,67.0,2020-11-21,No
961,Marketing,Content Specialist,High School,41,3.0,2981.51,67.0,2021-01-06,No
863,Finance,Accountant,Master,41,2.0,4123.68,68.0,2022-03-04,Yes
285,Sales,Sales Manager,High School,40,13.0,4143.54,74.0,2011-02-13,Yes
453,HR,HR Specialist,PhD,39,0.0,4235.65,65.0,2024-01-18,No
789,Marketing,Marketing Manager,High School,33,10.0,5458.09,91.0,2014-09-06,No
497,Sales,Sales Manager,High School,32,3.0,4181.01,51.0,2021-01-26,No
419,Marketing,Content Specialist,Master,24,4.0,4836.05,60.0,2020-04-21,No
473,Engineering,Senior Engineer,Bachelor,36,16.0,8149.43,85.0,2008-09-08,No
186,Finance,Finance Manager,Bachelor,36,3.0,5773.67,74.0,2021-05-03,No
969,Engineering,QA Engineer,Bachelor,39,4.0,5032.3,65.0,2020-03-22,No
633,Engineering,QA Engineer,PhD,24,0.0,5383.96,82.0,2024-04-04,No
857,Sales,Sales Manager,PhD,33,7.0,7391.16,90.0,2023-08-20,Yes
873,Sales,Account Rep,Master,50,2.0,6077.39,81.0,2022-04-15,No
229,Engineering,Software Engineer,Bachelor,44,0.0,4159.57,68.0,2024-04-02,No
548,Sales,Account Rep,Bachelor,38,6.0,5109.09,84.0,2018-10-27,No
858,HR,HR Specialist,Master,22,1.0,4892.75,87.0,2023-10-15,No
368,Sales,Sales Executive,Bachelor,24,2.0,3762.47,67.0,2022-02-04,No
62,Engineering,Software Engineer,High School,30,0.0,4075.45,64.0,2024-01-05,No
627,Finance,Financial Analyst,Bachelor,30,2.0,3516.45,55.0,2022-02-07,No
597,Sales,Sales Executive,Bachelor,40,3.0,4398.56,80.0,2021-05-20,Yes
508,Engineering,Software Engineer,High School,28,0.0,2870.52,73.0,2024-07-01,No
545,Engineering,QA Engineer,High School,42,8.0,5236.43,93.0,2016-01-17,No
596,Sales,Account Rep,Master,21,1.0,4674.84,86.0,2023-12-05,No
748,Sales,Sales Manager,Bachelor,53,3.0,6276.68,60.0,2021-10-22,No
455,Engineering,Software Engineer,High School,30,2.0,3422.45,62.0,2022-05-08,No
254,Sales,Account Rep,Bachelor,30,0.0,4038.49,88.0,2024-10-22,No
138,Sales,Account Rep,Bachelor,37,1.0,3996.37,100.0,2023-03-07,No
515,Sales,Sales Manager,Master,33,2.0,5358.85,86.0,2022-03-12,No
710,Sales,Sales Manager,Master,26,2.0,6275.68,57.0,2022-05-03,No
436,Sales,Sales Manager,High School,27,1.0,3741.84,60.0,2023-12-22,No
571,Sales,Sales Manager,High School,39,1.0,3279.81,76.0,2023-06-01,No
110,Engineering,QA Engineer,PhD,36,2.0,5586.4,91.0,2022-06-11,No
678,Engineering,QA Engineer,Bachelor,36,2.0,4568.84,86.0,2022-02-07,No
361,Marketing,Content Specialist,Master,30,3.0,4103.02,67.0,2021-10-26,Yes
337,Engineering,Senior Engineer,High School,24,8.0,3413.12,75.0,2016-10-18,No
611,Engineering,QA Engineer,Bachelor,39,0.0,3465.32,69.0,2024-04-15,No
701,Sales,Sales Manager,PhD,28,1.0,5960.02,100.0,2023-05-20,No
320,Engineering,Senior Engineer,Master,32,1.0,6245.42,83.0,2023-02-06,No
614,Finance,Financial Analyst,Master,21,0.0,5447.04,72.0,2024-09-07,No
397,Sales,Account Rep,High School,31,6.0,4812.62,74.0,2018-01-13,No
149,Sales,Sales Executive,PhD,39,0.0,5586.94,72.0,2024-03-05,No
794,Sales,Account Rep,Master,21,0.0,4931.76,61.0,2024-08-04,No
685,HR,HR Manager,High School,48,4.0,3361.45,64.0,2020-05-23,No
541,Finance,Finance Manager,Master,37,0.0,4800.51,83.0,2024-09-15,No
159,Sales,Account Rep,Master,32,12.0,7662.64,83.0,2012-04-12,No
929,HR,Recruiter,Bachelor,35,0.0,4076.77,83.0,2024-04-18,No
483,Sales,Sales Executive,High School,31,1.0,2168.56,85.0,2023-12-26,No
570,Engineering,QA Engineer,Bachelor,42,9.0,5940.08,82.0,2015-07-20,No
494,Sales,Sales Manager,Bachelor,29,2.0,5387.67,67.0,2022-04-04,No
24,Finance,Financial Analyst,High School,25,3.0,3374.84,51.0,2021-08-13,No
690,HR,HR Manager,Bachelor,41,1.0,3514.78,76.0,2023-05-12,No
129,Finance,Finance Manager,Bachelor,34,0.0,3213.66,58.0,2024-05-19,No
862,Finance,Finance Manager,Bachelor,39,2.0,4344.47,75.0,2022-10-19,No
973,Sales,Account Rep,Bachelor,32,8.0,5960.8,62.0,2016-08-02,No
325,Finance,Finance Manager,High School,35,3.0,3793.31,74.0,2021-01-20,No
903,Sales,Sales Executive,Bachelor,50,2.0,3795.12,81.0,2022-10-08,No
512,Engineering,Software Engineer,PhD,41,2.0,3989.55,69.0,2022-05-13,No
363,Finance,Finance Manager,Master,41,9.0,5415.39,76.0,2015-08-07,No
953,Finance,Finance Manager,Bachelor,31,1.0,2807.93,82.0,2023-04-14,No
468,Engineering,QA Engineer,Bachelor,33,1.0,4754.32,83.0,2023-07-07,No
715,HR,HR Specialist,Master,26,0.0,5301.07,65.0,2024-03-03,No
847,Engineering,Senior Engineer,High School,47,7.0,4892.69,46.0,2017-05-05,Yes
759,Sales,Account Rep,Master,44,3.0,4213.75,84.0,2021-08-22,No
831,HR,HR Manager,High School,41,2.0,3869.78,61.0,2022-05-04,No
680,Sales,Sales Executive,Bachelor,30,1.0,4274.84,56.0,2023-09-07,No
420,Engineering,Senior Engineer,PhD,30,3.0,6889.94,80.0,2021-11-17,No
527,Sales,Account Rep,Bachelor,26,6.0,5745.77,56.0,2018-01-14,No
610,Sales,Sales Manager,Bachelor,32,3.8,5261.17,60.0,2023-03-08,No
250,Engineering,Software Engineer,Bachelor,34,7.0,6578.79,59.0,2017-10-04,No
380,Engineering,QA Engineer,Master,41,2.0,3200.49,72.2,2022-01-04,Yes
16,Sales,Account Rep,Bachelor,29,0.0,3275.93,90.0,2024-01-11,No
160,Engineering,Software Engineer,Bachelor,33,6.0,4621.28,76.0,2018-08-18,No
645,HR,HR Specialist,Bachelor,43,1.0,5005.08,61.8,2023-04-10,No
49,Sales,Account Rep,Master,35,3.0,5591.27,81.0,2021-02-20,No
990,Engineering,Software Engineer,PhD,45,9.0,7908.56,60.0,2015-04-12,No
412,Sales,Sales Manager,Bachelor,29,0.0,3934.17,56.0,2024-03-22,No
378,Engineering,Senior Engineer,PhD,34,0.0,7893.31,79.0,2024-11-16,Yes
295,Marketing,Marketing Analyst,Master,25,0.0,4624.26,86.0,2024-12-16,No
568,Engineering,QA Engineer,High School,26,8.0,5163.99,66.0,2016-04-08,No
128,Engineering,Software Engineer,High School,30,0.0,3550.44,80.0,2024-03-06,No
298,HR,HR Specialist,PhD,35,6.0,8278.29,91.0,2018-11-18,Yes
997,Marketing,Content Specialist,Bachelor,35,7.0,5706.21,65.0,2017-07-22,No
238,Engineering,QA Engineer,Master,35,1.0,5278.04,92.0,2023-02-26,Yes
168,Marketing,Marketing Manager,Bachelor,21,4.0,5639.91,65.0,2020-07-07,No
893,Finance,Financial Analyst,Master,26,2.0,3975.2,54.0,2022-09-24,No
447,HR,HR Manager,PhD,35,1.0,6641.31,70.0,2023-08-09,No
81,Engineering,Senior Engineer,High School,51,1.0,3577.73,74.0,2023-10-13,No
876,Sales,Sales Executive,High School,33,1.0,3336.23,76.0,2023-03-23,No
942,Engineering,Senior Engineer,Bachelor,24,0.0,3940.74,58.0,2024-10-22,No
938,Sales,Sales Executive,Master,27,0.0,4791.36,60.0,2024-02-18,No
31,Sales,Sales Manager,Bachelor,34,3.0,5065.93,83.0,2021-02-17,No
243,Finance,Accountant,PhD,37,1.0,6745.72,69.0,2023-04-24,No
672,HR,HR Manager,Master,36,1.0,5875.6,65.0,2023-10-02,No
741,Engineering,QA Engineer,Bachelor,32,9.0,6951.11,86.0,2015-02-25,Yes
572,Sales,Sales Executive,Bachelor,38,5.0,5179.94,60.0,2019-10-01,No
776,Engineering,QA Engineer,Master,37,2.0,5811.11,74.0,2022-06-27,No
579,Marketing,Content Specialist,Bachelor,48,1.0,4805.2,53.0,2023-08-07,Yes
706,Engineering,Senior Engineer,Bachelor,39,4.6,6357.09,81.0,2019-06-27,No
28,Sales,Account Rep,Bachelor,37,0.0,4318.51,63.0,2024-10-01,Yes
578,Finance,Finance Manager,Bachelor,34,0.0,2961.82,56.0,2024-04-10,No
123,Engineering,Senior Engineer,High School,32,10.0,4646.16,72.0,2014-10-20,Yes
803,Marketing,Marketing Analyst,Master,36,2.0,6011.52,62.0,2022-08-15,No
936,Sales,Sales Manager,Master,35,2.0,3795.83,75.0,2022-02-19,No
921,Sales,Sales Executive,Bachelor,37,1.0,3877.41,77.0,2023-09-25,No
724,Marketing,Marketing Manager,Bachelor,29,0.0,3834.79,52.0,2024-01-04,No
564,HR,HR Specialist,High School,36,1.0,3343.42,76.8,2023-08-06,No
509,Engineering,Senior Engineer,Bachelor,46,3.0,5013.05,80.0,2021-10-07,No
272,Marketing,Marketing Manager,Master,37,2.0,4374.9,64.0,2022-06-11,No
348,Sales,Sales Executive,High School,41,18.0,7438.15,66.0,2006-04-19,No
757,Marketing,Marketing Manager,Master,37,2.0,4729.84,59.0,2022-01-26,No
278,Marketing,Content Specialist,Bachelor,34,1.0,2639.61,59.0,2023-04-15,No
895,Sales,Sales Executive,Master,45,0.0,3325.85,98.0,2024-09-06,No
908,Sales,Account Rep,Bachelor,34,9.0,5743.03,86.0,2015-09-02,No
432,HR,Recruiter,Bachelor,30,3.0,3753.16,78.0,2021-05-08,No
692,Engineering,Software Engineer,High School,43,0.0,3412.68,77.0,2024-12-22,No
976,Marketing,Content Specialist,PhD,45,3.0,6135.33,67.0,2021-06-10,No
148,Sales,Sales Manager,Bachelor,35,2.0,4060.25,60.0,2022-02-04,No
300,Engineering,Senior Engineer,Bachelor,28,7.0,5985.46,87.0,2017-12-08,No
557,Engineering,QA Engineer,Master,26,4.0,6540.66,67.0,2020-06-08,No
446,Engineering,Software Engineer,High School,37,1.0,3253.15,65.0,2023-04-22,No
878,Finance,Finance Manager,Bachelor,40,6.0,4105.08,83.0,2018-02-15,No
458,Engineering,QA Engineer,High School,30,0.0,3437.75,73.0,2024-05-18,No
52,HR,Recruiter,Bachelor,45,3.0,4970.49,65.0,2021-10-22,No
879,HR,HR Specialist,Bachelor,48,6.0,5617.42,64.0,2018-05-08,No
519,Finance,Financial Analyst,Bachelor,38,0.0,3898.89,79.0,2024-04-16,No
23,Sales,Account Rep,Bachelor,23,7.0,4199.94,79.0,2017-11-10,No
319,Sales,Sales Executive,Master,22,5.0,5090.47,61.0,2019-03-11,No
675,HR,HR Specialist,High School,30,0.0,3288.58,70.0,2024-05-27,No
433,Engineering,Senior Engineer,Master,34,1.0,5632.4,67.0,2023-12-07,No
210,Engineering,Senior Engineer,Bachelor,34,2.0,4329.74,79.2,2022-12-05,No
620,Engineering,Senior Engineer,Bachelor,40,1.0,4891.68,66.0,2023-10-25,No
143,Engineering,QA Engineer,Master,25,19.0,4609.49,72.0,2005-05-20,No
51,Finance,Financial Analyst,Bachelor,37,2.0,2969.67,50.0,2022-04-08,No
167,Sales,Sales Manager,Master,43,7.0,7320.31,74.0,2017-04-20,No
667,Engineering,Software Engineer,High School,31,0.0,2303.49,70.0,2024-02-19,No
82,HR,HR Manager,Master,32,3.0,5889.87,51.0,2021-10-12,No
849,Engineering,QA Engineer,Bachelor,33,2.0,3189.95,80.0,2022-08-02,No
322,Engineering,QA Engineer,PhD,32,2.0,6033.38,66.0,2022-08-12,No
933,Sales,Account Rep,Bachelor,25,4.0,4724.75,87.0,2020-02-13,No
965,Sales,Account Rep,High School,51,4.0,2856.79,72.0,2020-03-27,No
887,Sales,Sales Executive,Bachelor,37,1.0,2940.24,53.0,2023-03-15,Yes
67,Engineering,QA Engineer,High School,33,5.0,5423.6,73.0,2019-08-20,No
335,Engineering,Senior Engineer,Bachelor,28,3.0,3907.03,66.0,2021-02-03,No
290,Engineering,Software Engineer,Bachelor,42,2.0,4310.07,82.0,2022-01-26,No
340,HR,Recruiter,Bachelor,36,5.0,5191.5,59.0,2019-10-14,No
830,Engineering,Senior Engineer,Master,26,10.0,6574.51,76.0,2014-03-09,No
501,Sales,Sales Executive,High School,29,1.0,3104.15,66.0,2023-10-02,Yes
665,Sales,Account Rep,Bachelor,38,5.0,6323.3,59.0,2019-10-16,No
65,Finance,Financial Analyst,Master,36,1.0,4884.03,82.0,2023-03-06,No
694,Sales,Account Rep,Master,44,4.0,5414.36,68.0,2020-03-18,No
265,Finance,Finance Manager,Bachelor,33,4.0,4279.38,61.0,2020-05-02,No
450,HR,Recruiter,Bachelor,47,1.0,3961.76,68.0,2023-07-26,No
581,Sales,Sales Manager,Master,32,1.0,4404.87,83.0,2023-03-22,Yes
784,Sales,Sales Manager,Bachelor,36,1.0,3625.17,76.0,2023-01-13,No
21,Engineering,QA Engineer,Bachelor,44,7.0,6525.71,71.0,2017-01-17,No
443,Finance,Finance Manager,Master,25,3.0,5721.8,65.0,2021-05-11,No
822,Finance,Financial Analyst,Master,40,1.0,5924.26,53.0,2023-08-01,No
747,Finance,Finance Manager,Bachelor,48,1.0,3432.67,78.0,2023-01-12,Yes
297,Engineering,Software Engineer,Master,27,1.0,6210.77,80.0,2023-07-05,No
500,Sales,Account Rep,Bachelor,24,6.0,5178.46,63.0,2018-04-05,No
573,Marketing,Marketing Manager,Master,28,0.0,6000.25,75.0,2024-08-09,No
262,Engineering,QA Engineer,High School,38,11.0,6946.51,85.0,2013-07-19,No
805,Engineering,QA Engineer,Master,38,4.0,6145.43,82.0,2020-12-21,No
866,Marketing,Marketing Manager,Bachelor,47,2.0,5009.33,94.0,2022-02-10,No
683,Sales,Sales Executive,Bachelor,33,1.0,5192.02,74.0,2023-07-23,No
558,Engineering,Senior Engineer,High School,31,0.0,4139.57,71.0,2024-03-27,Yes
612,Engineering,QA Engineer,High School,34,3.0,3438.84,68.0,2021-04-01,No
622,Finance,Accountant,Master,38,6.0,6960.62,49.0,2015-03-20,No
529,Marketing,Marketing Manager,High School,34,1.0,4386.22,66.0,2023-02-11,No
882,HR,HR Specialist,Master,55,0.0,4688.18,66.0,2024-11-10,No
189,HR,HR Manager,Master,30,0.0,5279.84,66.0,2024-08-15,No
252,Marketing,Content Specialist,Bachelor,40,1.0,4789.55,81.0,2023-07-26,No
102,Engineering,Software Engineer,Bachelor,37,1.0,4001.67,63.0,2023-09-02,Yes
946,Sales,Sales Manager,Master,58,2.0,5480.57,73.0,2022-10-21,No
398,Finance,Accountant,Bachelor,27,0.0,3555.2,82.0,2024-08-11,Yes
888,Sales,Sales Manager,Bachelor,43,7.0,5701.6,59.0,2017-10-04,No
566,Sales,Account Rep,Bachelor,37,5.0,4915.31,48.0,2019-03-18,No
668,Sales,Sales Executive,Master,40,2.0,4547.95,93.0,2022-06-04,No
996,Engineering,QA Engineer,Bachelor,51,0.0,3142.52,90.0,2024-11-27,No
772,Sales,Sales Executive,Master,37,5.0,6181.97,88.0,2019-06-11,No
331,Engineering,Senior Engineer,Master,21,1.4,3767.41,65.0,2017-06-27,No
599,Sales,Sales Executive,High School,44,1.0,2944.51,83.0,2023-01-17,Yes
366,Finance,Accountant,Bachelor,21,1.8,3799.35,63.0,2024-04-13,Yes
282,Sales,Sales Manager,Bachelor,45,5.0,5877.57,80.0,2019-01-17,No
867,Sales,Account Rep,Master,34,0.0,4697.13,75.0,2024-12-12,No
782,Engineering,QA Engineer,High School,37,4.0,4473.91,79.0,2020-10-13,No
814,Marketing,Marketing Analyst,Bachelor,27,0.0,3745.66,92.0,2024-09-19,No
854,Marketing,Marketing Analyst,High School,31,0.0,2932.07,61.0,2024-02-18,Yes
464,Marketing,Marketing Analyst,Bachelor,31,1.0,3869.51,67.0,2023-06-18,Yes
800,Marketing,Marketing Manager,Bachelor,34,13.0,9661.4,58.0,2011-06-25,No
208,Engineering,QA Engineer,High School,33,1.8,3888.78,88.0,2023-11-11,No
514,Finance,Accountant,Bachelor,30,7.0,5793.83,71.0,2017-09-16,No
219,Sales,Account Rep,PhD,43,0.0,4704.39,77.0,2024-03-02,No
240,Marketing,Marketing Manager,Bachelor,34,0.0,2988.34,68.0,2024-01-17,Yes
964,Marketing,Content Specialist,Bachelor,33,11.0,6131.63,52.0,2013-01-01,No
356,Sales,Account Rep,Bachelor,36,5.0,5932.51,57.0,2019-07-14,No
565,Sales,Account Rep,Master,35,3.0,5320.05,72.0,2021-07-09,No
193,Finance,Finance Manager,Master,41,1.0,4650.98,76.0,2023-09-01,Yes
281,Engineering,QA Engineer,Master,27,1.0,5540.93,98.0,2023-01-21,Yes
192,Sales,Account Rep,High School,22,0.0,3149.39,74.0,2024-09-19,No
408,Marketing,Marketing Analyst,High School,38,1.0,3946.57,54.0,2023-09-23,No
431,Finance,Finance Manager,Bachelor,35,3.0,3631.26,77.0,2021-07-27,Yes
686,HR,HR Manager,Bachelor,37,1.0,4101.09,64.0,2023-09-17,No
133,Sales,Sales Manager,Bachelor,37,4.0,6489.87,72.0,2020-10-04,No
708,Engineering,QA Engineer,Bachelor,35,5.0,4865.15,75.0,2019-03-15,No
524,Finance,Finance Manager,Bachelor,32,2.0,3827.04,68.0,2022-05-11,No
721,HR,HR Specialist,Bachelor,40,2.0,5777.41,59.0,2022-07-08,No
552,Sales,Sales Manager,Bachelor,41,1.0,3888.78,86.0,2023-04-27,No
71,Finance,Accountant,Bachelor,37,1.0,3813.51,59.0,2023-09-21,No
273,Engineering,Software Engineer,Master,32,3.0,6759.84,81.0,2021-04-18,No
113,Sales,Sales Manager,Master,34,12.0,7479.38,92.0,2012-09-18,No
328,Marketing,Marketing Analyst,High School,26,0.0,2358.94,77.0,2024-02-01,No
116,Engineering,Senior Engineer,High School,42,1.0,3011.27,100.0,2023-03-03,Yes
324,Marketing,Marketing Analyst,High School,40,4.0,2975.57,53.0,2020-04-12,No
38,Finance,Accountant,PhD,33,7.0,7814.6,72.0,2017-08-10,No
868,Marketing,Marketing Analyst,Bachelor,27,1.0,4196.46,51.0,2023-08-13,No
424,Engineering,Software Engineer,High School,35,2.0,4377.58,93.0,2022-11-15,Yes
906,Marketing,Marketing Analyst,Bachelor,55,3.0,3538.86,71.0,2021-04-19,No
835,Sales,Sales Manager,Bachelor,38,2.0,3532.25,71.0,2022-03-04,Yes
948,Engineering,QA Engineer,Bachelor,43,6.0,5411.22,78.0,2018-04-12,No
516,Marketing,Marketing Manager,Master,42,1.0,5145.76,57.0,2023-05-19,No
531,Marketing,Marketing Manager,Bachelor,52,11.0,6318.16,86.0,2013-08-11,Yes
603,HR,HR Specialist,PhD,30,2.0,7320.74,57.0,2022-04-15,Yes
755,Marketing,Marketing Manager,Bachelor,33,2.0,4489.92,94.0,2024-05-09,No
654,Engineering,QA Engineer,Master,40,6.0,6197.29,67.0,2018-01-10,No
279,Engineering,QA Engineer,High School,34,0.0,3785.09,63.0,2024-04-02,Yes
840,Marketing,Marketing Analyst,PhD,44,5.0,5787.71,65.0,2019-03-07,No
695,Sales,Account Rep,PhD,30,0.0,7626.83,70.0,2024-12-13,No
3,Sales,Account Rep,Bachelor,34,3.0,3577.61,73.0,2021-07-18,No
230,Sales,Account Rep,Master,36,6.0,5497.3,70.0,2018-03-06,No
504,HR,HR Manager,Master,29,8.0,8564.48,54.0,2016-10-18,No
991,Engineering,QA Engineer,Master,33,2.0,6394.98,75.0,2022-06-26,No
869,Engineering,Senior Engineer,Bachelor,42,2.0,5229.79,51.0,2022-09-14,Yes
915,Finance,Finance Manager,Master,21,10.0,8564.61,88.0,2014-10-14,No
619,Engineering,Software Engineer,Master,26,2.0,4659.39,68.0,2022-03-24,No
200,Marketing,Content Specialist,Master,34,2.0,5599.99,69.0,2022-05-17,No
917,Engineering,Software Engineer,High School,30,4.0,4950.75,79.0,2020-09-27,No
955,HR,Recruiter,Bachelor,47,2.0,4419.22,62.0,2022-12-19,No
438,Engineering,Software Engineer,Bachelor,29,0.0,5425.67,65.0,2024-10-26,No
656,Engineering,Software Engineer,Bachelor,43,0.0,4084.2,81.0,2024-02-01,No
66,Finance,Accountant,High School,34,3.0,4293.33,80.6,2021-06-25,No
308,Sales,Account Rep,Bachelor,24,1.0,3354.01,65.0,2023-02-19,No
41,Marketing,Marketing Manager,Bachelor,34,2.0,3755.55,49.0,2022-05-11,Yes
591,Engineering,Senior Engineer,Bachelor,31,2.0,3461.73,63.0,2022-07-17,No
795,Finance,Finance Manager,Master,32,0.0,6034.21,71.0,2024-11-08,No
697,Engineering,Senior Engineer,Master,24,3.0,4761.48,74.0,2021-09-23,No
505,Sales,Sales Manager,Bachelor,21,0.0,4475.56,82.0,2024-03-20,No
542,Sales,Sales Manager,PhD,22,3.0,7834.41,75.0,2021-03-27,No
50,Engineering,QA Engineer,Bachelor,50,7.0,5537.75,81.0,2017-08-05,No
604,Engineering,Senior Engineer,Master,33,4.0,5580.69,80.0,2020-11-25,No
274,HR,HR Manager,Master,25,2.0,4751.14,72.0,2022-04-15,No
745,Finance,Finance Manager,Bachelor,57,3.0,4474.04,61.0,2021-03-26,No
702,HR,HR Specialist,PhD,40,1.0,6591.78,63.0,2023-06-17,No
687,Sales,Sales Executive,Bachelor,32,11.0,6852.9,73.0,2013-03-06,Yes
178,Finance,Financial Analyst,High School,38,1.0,3558.57,66.0,2023-01-24,No
301,Marketing,Content Specialist,Bachelor,35,7.0,6356.71,64.0,2017-12-08,No
354,Finance,Financial Analyst,High School,27,3.0,3961.68,75.0,2021-06-04,No
203,HR,HR Manager,Master,28,4.6,5772.62,83.0,2021-03-15,No
237,Engineering,Software Engineer,Bachelor,36,6.0,4509.63,58.0,2018-08-04,No
150,Marketing,Marketing Manager,Bachelor,32,3.0,4141.53,51.0,2021-05-09,Yes
448,Marketing,Marketing Manager,High School,35,1.0,2551.78,65.0,2023-06-04,Yes
218,Marketing,Marketing Manager,Master,21,0.0,4100.41,55.0,2024-08-03,No
723,Finance,Finance Manager,Master,34,1.0,4527.9,78.4,2023-06-10,No
474,Engineering,QA Engineer,Bachelor,53,3.0,4666.16,83.0,2021-02-03,No
588,Sales,Sales Manager,High School,21,0.0,1909.13,56.0,2024-09-10,No
653,Engineering,Software Engineer,Bachelor,34,3.0,3611.21,79.0,2021-07-01,No
303,Engineering,QA Engineer,High School,39,1.6,3175.44,78.0,2021-04-07,No
914,Sales,Sales Executive,Bachelor,40,3.0,5241.71,58.0,2021-09-18,No
978,Engineering,Software Engineer,Master,21,2.0,6227.94,91.0,2022-04-23,No
717,Sales,Sales Executive,Bachelor,32,9.0,6160.33,70.0,2015-06-05,No
986,Engineering,QA Engineer,Master,43,1.0,4955.6,73.0,2023-07-25,No
389,Sales,Sales Executive,Bachelor,40,1.0,3259.45,59.0,2023-02-19,No
479,Marketing,Marketing Manager,High School,29,1.0,3052.87,78.0,2023-10-16,No
492,Marketing,Content Specialist,Master,31,0.0,4259.35,68.0,2024-01-05,No
423,Finance,Accountant,Bachelor,42,3.0,4633.14,76.0,2021-05-13,No
388,Engineering,Senior Engineer,Master,21,0.0,4311.22,68.0,2024-05-03,Yes
860,Finance,Accountant,Bachelor,38,5.0,5303.8,78.0,2019-11-02,No
391,Engineering,Senior Engineer,High School,38,5.0,3733.38,79.0,2019-09-15,Yes
535,Sales,Sales Executive,High School,26,10.0,5804.7,72.0,2014-04-10,No
353,Engineering,Software Engineer,Bachelor,25,3.0,5854.54,65.0,2021-02-15,No
194,Engineering,QA Engineer,High School,48,5.0,3832.03,73.0,2019-02-09,No
236,HR,Recruiter,Master,27,18.0,9561.98,52.0,2006-11-15,No
770,HR,HR Specialist,Master,29,5.0,6937.21,64.0,2019-03-22,No
890,Sales,Sales Manager,Bachelor,33,6.0,4067.29,59.0,2018-12-14,No
481,Finance,Financial Analyst,Master,37,4.0,6732.58,76.0,2020-09-11,No
56,Sales,Sales Executive,Bachelor,34,7.0,5612.66,61.0,2017-04-25,No
117,Sales,Account Rep,Bachelor,37,5.0,5540.25,49.0,2019-04-24,No
97,Marketing,Marketing Analyst,Bachelor,27,8.0,5943.29,64.0,2016-09-02,No
142,HR,HR Specialist,Bachelor,49,0.0,3278.47,72.0,2024-12-17,No
958,Engineering,Senior Engineer,Master,31,0.0,4478.16,91.0,2024-05-11,No
636,Engineering,Software Engineer,Bachelor,21,4.0,6374.7,74.0,2020-09-17,No
598,Engineering,Software Engineer,Master,32,1.0,5572.36,77.0,2023-07-26,No
674,HR,Recruiter,High School,51,4.0,3643.9,62.0,2020-05-09,No
121,HR,Recruiter,Bachelor,21,7.0,5761.6,53.0,2017-01-25,No
811,Engineering,QA Engineer,Master,38,1.0,4077.47,63.0,2023-12-07,No
930,Engineering,Software Engineer,Master,41,0.0,4908.54,73.0,2024-03-05,Yes
63,Marketing,Marketing Manager,PhD,29,10.0,6916.65,78.0,2014-12-03,No
809,HR,HR Specialist,Master,26,0.0,2617.54,58.0,2024-01-10,No
819,Sales,Sales Executive,Bachelor,29,2.0,4441.97,76.6,2022-03-11,No
454,Marketing,Marketing Analyst,Bachelor,41,1.0,3957.17,90.0,2023-12-21,No
780,Marketing,Marketing Manager,Master,21,1.0,5444.39,69.0,2023-07-03,No
415,Sales,Sales Executive,Master,34,2.0,5249.95,67.0,2022-02-10,No
4,Finance,Accountant,Bachelor,29,1.0,4523.36,74.8,2023-08-15,No
59,Marketing,Content Specialist,Bachelor,32,13.0,6090.25,74.0,2011-08-06,No
224,Engineering,Senior Engineer,Bachelor,37,6.0,5488.08,88.0,2018-11-23,No
222,HR,HR Manager,Bachelor,21,10.0,7083.85,69.0,2014-05-07,No
466,Finance,Finance Manager,Bachelor,46,2.0,4867.93,77.0,2022-12-12,No
53,Sales,Sales Executive,Bachelor,31,1.0,3552.65,71.0,2023-08-11,No
709,Engineering,Senior Engineer,PhD,36,1.0,4417.49,70.0,2023-05-04,Yes
156,Engineering,Senior Engineer,Bachelor,30,0.8,3974.8,83.0,2023-05-12,No
707,Engineering,Software Engineer,Bachelor,39,2.0,4240.9,74.0,2022-05-12,No
249,Engineering,Senior Engineer,Master,28,1.0,4449.53,66.0,2023-11-04,No
904,HR,Recruiter,High School,51,8.0,6313.73,66.0,2016-06-21,No
569,Engineering,Software Engineer,Master,21,1.0,5113.78,81.2,2023-09-14,No
925,HR,HR Manager,Bachelor,46,0.0,3786.0,68.0,2024-04-13,No
292,HR,Recruiter,Bachelor,39,6.0,5866.54,81.0,2018-04-26,No
382,Finance,Accountant,Bachelor,38,7.0,6544.08,58.0,2017-12-24,No
952,Engineering,QA Engineer,Bachelor,32,6.0,6475.11,54.0,2018-04-21,No
201,HR,Recruiter,Master,33,10.0,6905.49,67.0,2014-08-08,No
762,Sales,Account Rep,Bachelor,29,4.0,4830.12,63.0,2020-01-09,No
963,Marketing,Content Specialist,Master,40,1.0,4658.58,80.0,2023-02-26,No
506,Marketing,Content Specialist,Master,36,0.0,4840.22,68.0,2024-02-10,No
815,Marketing,Marketing Analyst,Bachelor,39,0.0,3998.69,65.0,2024-08-10,Yes
861,Engineering,Senior Engineer,Bachelor,34,5.0,5366.96,73.0,2019-11-16,Yes
341,Marketing,Marketing Manager,High School,42,0.0,3744.93,67.0,2024-12-25,No
155,Engineering,Software Engineer,Bachelor,28,4.0,5548.73,52.0,2020-10-08,No
916,Engineering,Software Engineer,Bachelor,21,2.0,3480.24,81.0,2022-06-23,No
777,HR,Recruiter,Master,33,1.0,5873.75,43.0,2023-06-07,No
838,Finance,Finance Manager,Master,22,1.0,4472.97,68.0,2023-12-03,No
323,Sales,Sales Executive,Bachelor,32,4.0,3626.06,81.0,2020-03-24,No
643,Marketing,Marketing Manager,Bachelor,37,1.0,5123.76,62.0,2023-09-26,No
624,Finance,Financial Analyst,Master,31,11.0,7366.22,71.2,2013-12-10,No
83,Sales,Sales Executive,Bachelor,26,4.0,5408.0,100.0,2020-05-26,No
621,Finance,Financial Analyst,High School,40,6.0,5037.39,68.0,2018-08-06,No
465,Marketing,Marketing Manager,Master,31,10.0,5565.21,58.0,2014-11-09,Yes
761,HR,HR Manager,PhD,55,10.0,8623.87,73.0,2014-09-02,No
334,Sales,Account Rep,Bachelor,26,6.0,4058.72,88.0,2018-01-03,No
11,Finance,Accountant,Master,31,9.0,4620.05,82.0,2015-09-03,Yes
471,Engineering,QA Engineer,Bachelor,22,1.0,2771.14,61.0,2023-09-08,Yes
33,Sales,Account Rep,Bachelor,21,4.0,5604.16,90.0,2020-03-09,No
934,HR,HR Manager,High School,31,3.0,4017.02,68.0,2021-03-13,No
383,Engineering,QA Engineer,Bachelor,38,1.0,3733.12,62.0,2023-04-17,No
726,Sales,Account Rep,Master,45,8.0,4041.11,70.0,2016-04-27,No
631,Marketing,Marketing Analyst,High School,21,1.0,3375.55,73.0,2023-08-09,No
959,Marketing,Marketing Analyst,High School,21,3.0,3737.77,57.0,2021-07-23,No
968,Sales,Sales Executive,PhD,38,0.0,6118.77,61.0,2024-07-27,Yes
379,Marketing,Marketing Analyst,PhD,39,7.8,7782.24,85.0,2020-11-14,Yes
90,Marketing,Content Specialist,Bachelor,33,2.0,4351.38,84.0,2022-07-12,No
214,Sales,Sales Executive,Bachelor,41,1.0,4211.53,93.0,2023-05-22,No
987,Engineering,Senior Engineer,Bachelor,25,2.0,4282.83,73.0,2022-06-26,No
134,Marketing,Marketing Analyst,Bachelor,40,0.0,3247.56,78.0,2024-07-24,No
347,Sales,Account Rep,Bachelor,22,4.0,4438.99,78.0,2020-02-05,No
8,Engineering,QA Engineer,Master,31,3.0,5931.19,51.0,2021-03-01,No
658,Marketing,Marketing Analyst,Bachelor,31,0.0,3677.93,82.0,2024-04-16,No
321,Finance,Accountant,Bachelor,41,3.0,5258.69,64.0,2021-01-10,No
832,Engineering,Senior Engineer,Bachelor,46,1.0,3830.23,74.0,2023-12-13,No
188,Engineering,Software Engineer,High School,29,5.0,4796.4,78.0,2019-02-26,No
553,HR,HR Manager,Bachelor,42,4.0,4845.27,69.0,2020-01-16,No
305,Engineering,Senior Engineer,High School,36,0.0,3009.25,67.0,2024-08-10,No
32,Finance,Accountant,Bachelor,46,6.0,5654.8,85.0,2018-08-10,No
652,Marketing,Marketing Analyst,Bachelor,37,6.0,5858.94,65.0,2018-03-18,No
241,Finance,Finance Manager,Bachelor,36,2.0,4412.77,78.0,2022-12-11,No
880,Finance,Accountant,PhD,27,1.0,5984.65,71.0,2023-10-12,No
175,Sales,Sales Manager,Bachelor,36,1.0,3915.67,82.0,2023-06-12,No
246,Sales,Account Rep,PhD,22,1.0,5608.16,81.0,2023-11-18,No
799,Engineering,Software Engineer,Master,34,1.0,5142.23,87.0,2023-10-09,No
146,Sales,Sales Manager,Bachelor,40,4.0,6077.43,75.0,2020-07-20,No
91,Engineering,Software Engineer,Master,21,8.0,4533.9,58.0,2016-11-23,No
393,Sales,Sales Executive,Bachelor,31,0.0,4057.01,79.0,2024-08-09,No
311,Sales,Sales Executive,Bachelor,37,10.0,6223.04,61.0,2014-08-21,No
360,Engineering,Software Engineer,Master,30,5.0,5333.85,76.0,2019-04-09,No
94,Sales,Sales Executive,Master,46,11.0,5262.23,69.0,2013-11-13,No
738,Sales,Sales Manager,Master,28,4.0,5376.0,59.0,2020-10-18,No
377,HR,HR Manager,Bachelor,42,0.0,3585.51,63.0,2024-07-16,Yes
244,Marketing,Marketing Analyst,Master,21,1.0,6085.5,74.0,2023-10-08,Yes
875,Engineering,Senior Engineer,Master,21,4.0,4578.9,86.0,2020-09-09,No
88,Finance,Financial Analyst,Master,42,4.0,6978.72,84.0,2020-10-15,Yes
215,Marketing,Marketing Analyst,Master,34,0.0,5270.67,71.0,2024-04-06,No
445,Engineering,Senior Engineer,PhD,21,2.0,4439.97,67.0,2022-04-08,No
174,Engineering,Software Engineer,High School,33,1.0,4198.44,60.0,2023-09-04,No
426,Marketing,Content Specialist,Master,32,7.0,4915.36,84.0,2017-08-22,No
823,Marketing,Content Specialist,Bachelor,25,4.0,5773.32,66.0,2020-05-16,No
119,Engineering,Software Engineer,Master,37,0.0,4987.69,75.0,2024-06-15,No
120,HR,HR Manager,High School,31,1.0,3760.42,68.0,2023-01-08,Yes
677,Finance,Financial Analyst,Bachelor,35,0.0,3666.41,96.0,2024-06-17,Yes
1,Engineering,QA Engineer,Master,26,2.0,5201.3,61.0,2022-05-02,No
395,Engineering,Software Engineer,Master,23,2.0,5579.43,63.0,2022-05-19,No
402,Engineering,QA Engineer,Master,47,7.0,7746.88,84.0,2017-01-24,No
405,Engineering,Software Engineer,Bachelor,29,2.0,5101.03,73.0,2022-05-22,No
657,Finance,Finance Manager,Bachelor,26,6.0,4866.34,78.0,2018-07-16,No
664,Engineering,Software Engineer,PhD,26,0.0,6044.4,80.0,2024-08-03,No
163,Marketing,Content Specialist,Bachelor,36,5.0,3749.0,75.0,2019-02-15,Yes
115,Engineering,Senior Engineer,Bachelor,47,2.0,4993.43,53.0,2022-08-23,No
151,Marketing,Content Specialist,Master,35,6.0,6302.88,53.0,2018-12-06,No
626,Finance,Financial Analyst,Bachelor,36,10.0,5043.12,91.0,2014-08-15,No
628,Sales,Sales Executive,Bachelor,25,5.0,6029.67,95.0,2019-11-01,Yes
544,Finance,Accountant,High School,25,1.0,3106.45,89.0,2023-01-14,No
478,Sales,Account Rep,Bachelor,35,4.0,5100.22,69.0,2020-07-13,No
533,Sales,Sales Executive,High School,29,7.0,4857.52,100.0,2017-04-12,No
513,Engineering,Senior Engineer,Master,28,1.0,4486.51,54.0,2023-10-17,Yes
259,Engineering,QA Engineer,Bachelor,25,13.0,6999.02,77.0,2011-04-12,No
625,Engineering,Software Engineer,Bachelor,27,6.0,6809.49,50.0,2018-11-07,Yes
898,Finance,Finance Manager,Bachelor,27,1.4,3433.55,60.0,2023-06-09,Yes
136,Sales,Sales Manager,Bachelor,37,5.0,3824.21,76.0,2019-08-19,No
617,Sales,Sales Manager,PhD,27,2.0,4845.55,88.0,2022-05-22,No
982,Marketing,Marketing Analyst,Master,47,2.0,4750.97,83.0,2022-02-07,No
704,Engineering,Software Engineer,Bachelor,38,5.0,6211.25,86.0,2019-03-23,No
593,Finance,Financial Analyst,Bachelor,24,0.0,3177.62,66.0,2024-06-02,No
846,Sales,Sales Executive,Master,46,7.0,5924.35,76.0,2017-01-09,No
502,Finance,Financial Analyst,Master,43,0.0,5091.12,61.0,2024-02-18,No
539,Engineering,QA Engineer,Master,47,2.6,6327.01,58.0,2019-04-14,No
713,Sales,Sales Manager,Bachelor,31,2.8,4004.48,82.0,2023-12-26,No
582,Engineering,Senior Engineer,Master,28,3.0,5480.72,85.0,2021-11-25,Yes
344,Marketing,Marketing Analyst,Bachelor,21,0.0,3880.82,65.0,2024-07-16,No
752,Finance,Financial Analyst,High School,40,1.0,3006.31,62.0,2023-03-12,No
663,HR,HR Specialist,Bachelor,31,5.0,5940.08,65.0,2019-02-24,No
294,Sales,Account Rep,Master,36,6.0,5856.65,79.0,2018-06-16,No
365,Marketing,Marketing Analyst,PhD,35,1.0,6715.73,81.0,2023-02-11,No
669,Finance,Accountant,High School,29,3.0,3879.72,78.0,2021-02-09,No
15,Sales,Sales Executive,Bachelor,26,7.0,5614.02,60.0,2017-04-27,Yes
87,Marketing,Marketing Manager,High School,41,13.0,5692.69,79.0,2011-12-16,No
371,HR,HR Manager,Bachelor,32,1.0,4466.04,79.0,2023-10-23,No
166,Engineering,Senior Engineer,Bachelor,29,1.8,4218.87,89.0,2023-10-26,Yes
935,Engineering,Software Engineer,Bachelor,45,2.0,3244.52,76.4,2022-02-13,No
336,Sales,Account Rep,Bachelor,29,7.0,5610.78,64.0,2017-09-16,No
60,HR,Recruiter,Bachelor,36,7.0,4792.68,79.0,2017-12-15,No
355,Finance,Finance Manager,Master,39,2.8,6720.56,70.0,2020-11-16,Yes
425,Sales,Sales Manager,Master,36,2.0,3635.73,45.0,2022-01-12,No
293,HR,HR Specialist,Bachelor,41,6.0,5137.75,83.0,2018-09-24,No
42,Finance,Finance Manager,PhD,38,3.0,6312.66,94.0,2021-06-03,No
330,Sales,Sales Manager,Bachelor,37,1.0,2916.68,84.0,2023-01-22,No
615,HR,Recruiter,Master,37,0.0,5798.65,56.0,2024-02-26,No
430,Sales,Account Rep,Bachelor,24,7.0,4114.35,63.0,2017-06-13,No
80,Engineering,Senior Engineer,Master,21,14.0,7857.98,75.0,2010-11-14,No
255,Sales,Account Rep,Master,34,2.0,4539.84,79.0,2022-08-15,No
797,Sales,Account Rep,High School,27,5.0,3575.01,58.0,2019-09-08,No
459,Engineering,QA Engineer,Bachelor,34,0.0,3443.0,69.0,2024-07-20,No
384,Finance,Finance Manager,Bachelor,45,2.0,4401.43,72.0,2022-03-13,No
314,HR,HR Specialist,Bachelor,52,0.0,2610.39,79.0,2024-10-08,Yes
85,Marketing,Marketing Manager,Bachelor,34,0.0,3902.05,65.0,2024-11-02,No
575,Sales,Sales Manager,Master,26,1.0,4642.03,53.0,2023-10-05,Yes
137,Finance,Financial Analyst,High School,51,0.0,2442.98,79.0,2024-01-22,Yes
112,Engineering,Senior Engineer,Bachelor,34,0.0,3646.56,70.0,2024-06-07,Yes
195,Engineering,QA Engineer,Bachelor,29,2.0,4812.82,82.0,2022-05-05,No
179,Sales,Sales Manager,Bachelor,51,1.0,4621.25,69.0,2023-06-16,Yes
939,Sales,Sales Executive,High School,29,1.0,3580.66,52.0,2023-02-21,No
130,Engineering,Software Engineer,Bachelor,22,0.0,3122.56,75.0,2024-02-14,No
338,Sales,Sales Executive,Bachelor,31,1.0,3992.62,77.0,2023-05-22,No
609,Finance,Financial Analyst,Master,44,1.0,4898.51,51.0,2023-01-02,No
125,Engineering,Senior Engineer,Bachelor,38,14.0,6146.51,75.0,2010-05-15,No
105,Marketing,Content Specialist,Bachelor,33,11.0,5346.5,87.0,2013-02-15,No
227,Finance,Finance Manager,Master,33,1.0,6551.13,89.0,2023-07-21,Yes
269,Sales,Account Rep,Master,36,6.0,6581.47,38.0,2018-12-17,No
153,Sales,Account Rep,Bachelor,47,0.0,4252.59,53.0,2024-05-21,No
585,HR,HR Specialist,Bachelor,37,1.0,3864.43,59.0,2023-08-06,No
104,Sales,Sales Manager,Master,29,13.0,7375.1,76.0,2011-07-11,No
594,Finance,Accountant,Bachelor,21,4.0,4848.07,62.0,2020-11-14,No
977,Marketing,Marketing Analyst,Bachelor,39,1.0,4294.05,60.0,2023-10-21,Yes
228,Marketing,Marketing Analyst,Bachelor,41,4.0,6413.62,67.0,2020-01-05,No
937,Finance,Finance Manager,Bachelor,42,2.0,5340.41,41.0,2022-11-23,No
302,HR,HR Specialist,Bachelor,35,3.0,3778.36,79.0,2021-08-16,No
276,Sales,Account Rep,Bachelor,25,1.0,4687.25,66.0,2023-07-14,No
127,Sales,Sales Executive,Bachelor,38,3.0,5225.92,60.0,2021-09-01,No
406,Sales,Sales Manager,Master,42,1.0,5973.93,81.0,2023-09-05,No
943,Engineering,QA Engineer,Bachelor,31,4.0,5323.08,82.0,2020-12-26,No
37,Engineering,Software Engineer,Bachelor,43,6.0,5929.37,63.0,2018-05-03,No
140,HR,HR Specialist,Bachelor,36,0.0,3367.35,72.0,2024-11-21,No
304,Engineering,Software Engineer,Master,35,0.0,4320.28,69.0,2024-02-27,Yes
268,HR,Recruiter,PhD,43,7.0,8406.35,59.0,2017-01-10,No
534,Sales,Account Rep,Bachelor,44,0.0,3005.32,64.0,2024-06-19,Yes
546,Marketing,Marketing Analyst,High School,33,4.0,3614.2,69.0,2020-08-10,No
213,Marketing,Marketing Analyst,Bachelor,50,2.0,3707.0,75.0,2022-10-19,No
469,HR,HR Manager,PhD,46,1.0,6490.24,51.0,2018-06-10,No
199,Finance,Financial Analyst,Bachelor,23,3.0,5241.8,85.0,2021-08-11,Yes
673,HR,Recruiter,PhD,38,0.0,5801.9,87.0,2024-04-10,Yes
528,Engineering,Software Engineer,Bachelor,31,1.0,4041.82,82.0,2023-08-20,No
676,Sales,Sales Executive,High School,26,12.0,7606.01,76.0,2012-03-12,No
975,Engineering,Software Engineer,Master,44,0.0,3896.49,78.0,2024-02-04,No
242,Engineering,QA Engineer,High School,33,15.0,7305.57,65.0,2009-02-17,No
343,Engineering,Senior Engineer,Bachelor,25,9.0,6897.99,82.0,2015-12-13,Yes
550,Sales,Sales Executive,Bachelor,37,4.0,4284.73,72.0,2020-05-09,No
387,Engineering,Software Engineer,Master,31,0.0,6557.88,65.0,2024-09-02,No
911,Finance,Finance Manager,Master,34,5.0,7038.58,67.0,2019-04-25,No
207,Engineering,Senior Engineer,Bachelor,45,4.0,4060.62,68.0,2024-08-07,No
696,Marketing,Marketing Analyst,Bachelor,32,3.0,4540.9,67.0,2021-01-20,No
818,Engineering,QA Engineer,PhD,34,1.0,5763.81,79.0,2023-02-17,No
74,Engineering,Software Engineer,Bachelor,38,1.0,3222.16,66.4,2023-01-13,No
793,HR,Recruiter,Bachelor,37,3.0,4174.88,75.0,2023-03-19,No
734,Engineering,Software Engineer,Bachelor,22,3.0,3565.03,51.0,2021-10-15,No
756,Sales,Account Rep,High School,36,1.0,4474.99,94.0,2023-05-10,No
17,Engineering,QA Engineer,Bachelor,28,16.0,7188.72,51.0,2008-12-05,No
440,HR,HR Specialist,Master,33,2.0,5862.1,100.0,2022-09-04,No
92,Sales,Account Rep,High School,21,0.0,4168.97,64.0,2024-09-10,No
89,Sales,Sales Executive,Bachelor,25,10.0,7295.23,85.0,2014-02-27,No
451,Sales,Account Rep,Bachelor,39,1.0,3063.7,72.0,2023-03-11,No
718,Marketing,Marketing Manager,Bachelor,42,0.0,4403.41,52.0,2024-12-13,No
103,Engineering,Senior Engineer,Master,38,11.0,6842.52,77.0,2013-06-01,No
239,Sales,Sales Executive,Bachelor,34,1.0,4405.13,96.0,2023-06-22,Yes
769,Marketing,Marketing Analyst,High School,30,0.0,3444.84,91.0,2024-06-18,Yes
247,HR,HR Manager,Master,27,12.0,8672.92,77.0,2012-04-05,No
821,Sales,Sales Manager,Master,25,1.0,6007.8,55.0,2023-02-21,No
158,Finance,Finance Manager,Bachelor,29,0.0,4475.85,80.0,2024-06-15,No
480,Sales,Sales Executive,Master,32,2.0,6459.62,69.0,2022-11-01,No
974,Sales,Account Rep,Master,38,2.0,5998.73,79.0,2022-11-03,No
19,Finance,Accountant,High School,35,4.0,3269.89,57.0,2020-01-14,No
751,Finance,Finance Manager,Bachelor,23,0.0,3287.68,61.0,2024-08-09,No
122,Sales,Sales Executive,Bachelor,30,3.0,5032.67,83.0,2021-06-12,No
886,Engineering,Software Engineer,Master,26,1.0,4662.17,79.0,2023-05-01,No
275,Engineering,Senior Engineer,Master,31,0.0,4598.57,77.8,2024-04-19,No
951,Marketing,Content Specialist,High School,34,3.0,2568.99,76.0,2021-10-02,No
312,Sales,Sales Executive,Bachelor,41,3.0,5615.35,70.0,2021-06-14,No
806,Marketing,Marketing Manager,Master,31,2.0,5065.45,86.0,2022-12-19,No
902,HR,Recruiter,High School,21,0.0,3348.07,83.0,2024-05-16,No
547,HR,Recruiter,Bachelor,39,1.0,5941.09,63.0,2023-04-12,Yes
182,Sales,Sales Manager,Bachelor,21,1.0,3735.07,86.0,2023-11-18,No
185,Sales,Sales Manager,PhD,36,1.0,5741.44,71.0,2023-02-04,Yes
407,Sales,Account Rep,High School,22,0.0,2816.11,63.0,2024-01-18,Yes
720,Sales,Account Rep,Master,33,3.0,6763.72,82.0,2021-09-17,No
607,Finance,Finance Manager,Bachelor,33,0.0,3188.86,57.0,2024-09-13,No
693,Engineering,Senior Engineer,Bachelor,33,7.0,6362.28,67.0,2017-02-05,No
521,Sales,Account Rep,Master,31,1.0,4679.77,80.0,2023-04-26,No
381,Sales,Account Rep,PhD,23,0.0,3468.06,56.0,2024-02-15,No
411,Marketing,Marketing Analyst,Master,26,0.0,5738.53,54.0,2024-04-24,No
635,Sales,Sales Executive,Bachelor,36,4.0,4628.47,72.8,2020-01-08,No
370,HR,HR Specialist,High School,25,2.0,3102.93,74.0,2022-10-16,No
859,Marketing,Marketing Analyst,High School,21,4.0,3755.77,63.0,2020-11-27,No
883,Marketing,Marketing Analyst,Master,42,1.0,5364.2,48.0,2023-01-26,No
801,HR,Recruiter,PhD,33,7.0,5729.8,92.0,2017-10-02,Yes
79,Sales,Sales Executive,Bachelor,29,1.0,4687.27,87.0,2023-05-05,No
574,Finance,Financial Analyst,Bachelor,50,1.0,5022.1,81.0,2023-11-15,Yes
638,Finance,Finance Manager,Bachelor,38,6.0,3897.26,75.0,2018-03-17,Yes
608,Engineering,Senior Engineer,PhD,41,7.0,8448.42,53.0,2017-09-18,No
843,Finance,Accountant,PhD,28,1.0,4595.87,78.0,2023-09-04,Yes
69,HR,HR Manager,Master,26,11.0,4917.25,75.0,2013-09-01,No
881,Engineering,Software Engineer,PhD,39,0.0,5867.38,72.0,2024-11-17,No
980,Marketing,Marketing Manager,Bachelor,43,0.0,2830.64,63.0,2024-11-03,No
417,Sales,Sales Executive,PhD,30,0.0,5888.64,78.0,2024-07-26,Yes
790,HR,HR Specialist,PhD,42,2.6,7120.59,62.0,2017-07-14,No
562,Finance,Finance Manager,Bachelor,40,0.0,3771.24,62.0,2024-12-03,Yes
68,Engineering,Software Engineer,Bachelor,26,5.0,5070.65,70.0,2019-10-11,No
537,Sales,Account Rep,Bachelor,39,0.0,4329.1,62.0,2024-02-06,No
78,Marketing,Marketing Analyst,High School,38,1.0,3362.59,63.0,2023-05-19,No
106,HR,Recruiter,Master,34,0.0,5110.2,74.0,2024-04-06,No
829,Engineering,QA Engineer,Bachelor,35,3.0,5570.36,64.0,2021-10-15,No
639,Finance,Financial Analyst,Bachelor,33,2.0,3535.12,76.0,2022-08-23,No
560,Finance,Accountant,Master,43,3.0,6252.52,83.0,2021-05-19,No
808,Engineering,QA Engineer,PhD,25,3.0,7305.81,84.0,2021-05-21,No
691,HR,HR Manager,Bachelor,41,0.0,3745.08,83.0,2024-10-24,Yes
641,Sales,Account Rep,Master,26,1.0,3185.05,68.0,2023-08-23,No
995,Sales,Account Rep,Master,27,7.0,5386.22,100.0,2017-06-08,No
922,Sales,Account Rep,High School,38,2.0,3241.64,73.0,2022-08-08,No
736,Engineering,QA Engineer,PhD,47,0.0,4224.55,82.0,2024-07-09,Yes
826,Engineering,Senior Engineer,Master,21,2.0,5660.84,71.0,2022-05-06,No
491,Finance,Finance Manager,Master,28,5.0,5468.67,77.0,2019-02-11,No
894,Engineering,QA Engineer,Bachelor,40,3.0,3814.46,76.0,2021-04-13,No
606,HR,Recruiter,Master,40,0.0,5730.28,63.0,2024-01-18,No
364,HR,HR Specialist,Master,44,1.0,5085.53,80.0,2023-09-13,No
70,Sales,Sales Executive,Master,24,0.0,6155.06,88.0,2024-08-09,No
549,Sales,Account Rep,Bachelor,34,2.0,4618.75,73.0,2022-08-12,No
161,Sales,Account Rep,Bachelor,29,6.8,5581.42,71.0,2014-05-03,Yes
12,Sales,Sales Executive,Bachelor,23,1.0,3645.37,65.0,2023-08-09,Yes
145,Engineering,Software Engineer,Bachelor,51,2.0,3570.21,71.0,2022-05-20,No
518,Sales,Sales Manager,Bachelor,38,4.0,4896.99,70.0,2020-09-25,No
640,Sales,Account Rep,Bachelor,54,1.0,4532.11,76.0,2023-01-12,No
177,Engineering,QA Engineer,Bachelor,38,2.0,5109.06,61.0,2022-03-25,No
441,Marketing,Marketing Manager,Bachelor,26,10.0,5208.65,71.0,2014-05-26,No
522,Sales,Account Rep,Bachelor,38,5.0,5061.5,60.0,2019-01-23,No
923,Engineering,QA Engineer,Bachelor,41,1.0,3469.73,60.0,2023-10-21,No
999,Sales,Sales Manager,Bachelor,37,0.0,3348.96,74.8,2024-10-17,No
689,Sales,Sales Executive,Bachelor,24,10.0,6353.62,81.0,2014-05-03,No
232,Sales,Sales Manager,High School,25,2.0,2154.77,69.0,2022-06-20,No
211,Engineering,Senior Engineer,Master,21,1.0,3924.15,57.0,2023-02-13,No
144,HR,Recruiter,Master,40,2.0,4269.67,67.0,2022-09-21,No
754,Engineering,Senior Engineer,Bachelor,37,4.0,5481.7,72.0,2020-06-21,No
520,Sales,Sales Executive,High School,37,9.0,5149.45,72.0,2015-08-18,No
349,Sales,Account Rep,Bachelor,31,3.0,3303.77,53.0,2021-01-16,No
767,Engineering,QA Engineer,High School,42,4.0,4054.76,55.0,2020-06-10,Yes
429,Marketing,Marketing Manager,Master,28,0.0,4727.78,55.0,2024-12-02,No
613,Sales,Account Rep,Bachelor,23,13.0,7983.03,70.0,2011-10-16,No
985,HR,Recruiter,High School,26,1.6,4072.56,60.0,2021-04-15,No
994,Sales,Account Rep,Bachelor,32,0.0,4175.42,74.0,2024-03-26,No
9,Marketing,Marketing Manager,Bachelor,30,0.0,3765.31,73.0,2024-04-05,No
157,Engineering,Software Engineer,High School,42,0.0,3258.92,72.0,2024-04-11,No
540,Sales,Account Rep,Bachelor,36,0.0,3386.84,70.0,2024-11-15,No
507,Marketing,Marketing Analyst,Bachelor,39,3.0,4159.14,63.0,2021-05-17,No
437,Engineering,Senior Engineer,High School,32,4.0,3726.75,59.0,2020-07-24,No
267,Sales,Sales Executive,PhD,32,3.0,4829.83,84.0,2021-01-13,No
827,Sales,Sales Executive,Bachelor,32,3.0,5050.46,68.0,2021-04-13,No
462,Finance,Accountant,High School,31,7.0,4695.57,70.0,2017-05-18,No
577,Marketing,Marketing Manager,Master,36,3.0,6567.5,84.0,2021-06-14,Yes
339,Marketing,Marketing Analyst,Bachelor,34,4.0,4557.81,63.0,2020-07-10,No
256,Marketing,Marketing Analyst,High School,32,7.0,4603.99,71.0,2017-09-13,Yes
901,Marketing,Marketing Manager,Master,37,4.0,6927.74,73.0,2020-06-08,No
666,Engineering,Software Engineer,High School,35,3.0,4301.66,79.0,2021-06-04,No
561,Engineering,Senior Engineer,Bachelor,29,0.0,3360.22,59.0,2024-05-05,No
209,Engineering,Software Engineer,Bachelor,46,0.0,4960.34,58.0,2024-06-11,Yes
288,HR,HR Specialist,Bachelor,46,5.0,4443.26,90.0,2019-12-06,No
2,Marketing,Marketing Manager,Bachelor,30,1.0,2462.88,83.0,2023-11-10,Yes
342,Engineering,QA Engineer,Bachelor,29,7.0,4974.43,84.0,2017-10-12,No
270,Engineering,Senior Engineer,Master,38,0.0,5058.61,78.0,2024-01-25,Yes
266,Marketing,Content Specialist,Master,33,3.0,4615.48,64.2,2021-04-01,No
864,Finance,Finance Manager,Master,27,2.0,3154.04,57.0,2022-02-19,No
871,Engineering,Software Engineer,High School,47,0.0,3935.0,81.0,2024-04-14,No
96,Marketing,Marketing Manager,PhD,29,10.0,10311.14,65.0,2014-08-03,No
727,HR,Recruiter,Bachelor,24,4.0,4566.08,85.0,2020-02-07,No
43,Finance,Accountant,PhD,51,1.0,5492.22,70.0,2023-02-05,No
399,Engineering,Senior Engineer,High School,33,0.0,2941.44,58.0,2024-03-20,No
884,Marketing,Marketing Analyst,Master,22,4.6,7270.42,74.0,2012-11-13,No
629,Engineering,Software Engineer,Bachelor,30,0.0,3915.3,57.0,2024-01-19,No
46,HR,HR Manager,Master,30,0.0,5046.57,94.0,2024-03-21,No
162,HR,Recruiter,Master,50,1.0,4861.62,91.0,2023-08-14,No
728,Finance,Finance Manager,Bachelor,35,0.0,3076.5,90.0,2024-08-23,No
630,Engineering,Senior Engineer,Master,33,1.0,6176.35,58.0,2023-02-03,Yes
289,Marketing,Content Specialist,Bachelor,38,3.0,4831.35,68.0,2021-11-22,No
590,Finance,Accountant,High School,48,0.0,2850.44,84.0,2024-10-14,No
970,Finance,Financial Analyst,Master,35,0.0,4016.82,70.0,2024-01-02,No
576,Engineering,Software Engineer,Master,29,3.4,5866.52,69.0,2018-04-18,No
851,Marketing,Marketing Analyst,Master,33,0.0,4640.93,81.0,2024-10-25,No
316,Engineering,Software Engineer,Master,41,7.0,5961.12,58.0,2017-04-15,No
944,Engineering,QA Engineer,High School,27,4.0,5185.55,90.0,2020-04-25,No
231,HR,HR Manager,Bachelor,26,0.0,2994.85,72.0,2024-05-10,Yes
810,Sales,Sales Executive,Bachelor,42,2.0,4597.52,60.0,2022-10-07,No
699,Engineering,Senior Engineer,Bachelor,44,17.0,14739.25,65.0,2007-07-10,No
877,Sales,Account Rep,Bachelor,38,5.0,4989.17,87.0,2019-04-23,No
712,Marketing,Content Specialist,High School,35,1.0,4006.23,82.0,2023-11-07,No
77,Sales,Sales Executive,Bachelor,41,3.0,4667.77,82.0,2021-08-14,No
634,Marketing,Marketing Analyst,Bachelor,23,2.0,5493.93,68.0,2022-05-14,No
248,Marketing,Marketing Analyst,Bachelor,27,1.0,4523.41,68.0,2023-08-05,No
820,HR,Recruiter,High School,30,0.0,3424.89,63.0,2024-12-05,Yes
825,Sales,Sales Executive,Master,34,6.0,7141.22,71.0,2018-02-04,No
477,Sales,Sales Executive,High School,33,1.0,2857.58,58.0,2023-02-23,No
671,Marketing,Marketing Analyst,Bachelor,39,8.0,5905.44,72.0,2016-03-25,No
86,HR,HR Specialist,High School,34,2.0,3170.84,93.0,2022-03-18,No
470,Sales,Sales Executive,Bachelor,28,3.0,4289.13,63.0,2021-06-19,No
226,Sales,Sales Executive,Bachelor,34,0.0,3905.39,59.0,2024-04-04,No
775,HR,Recruiter,Bachelor,42,0.0,2651.51,81.0,2024-01-25,No
332,Marketing,Content Specialist,High School,23,0.0,3826.5,54.0,2024-10-20,No
234,Marketing,Marketing Manager,Bachelor,34,1.0,4805.76,62.0,2023-09-12,No
589,Marketing,Marketing Manager,Master,25,1.0,4998.59,70.0,2023-11-10,No
476,Marketing,Marketing Manager,Bachelor,21,1.4,4187.15,71.0,2021-01-20,No
346,Marketing,Marketing Manager,Bachelor,36,0.0,3744.92,67.0,2024-11-22,No
983,Engineering,QA Engineer,Master,37,0.0,3987.38,74.0,2024-04-14,Yes
600,Finance,Accountant,Master,52,5.0,3673.12,56.0,2019-12-20,Yes
422,Engineering,Senior Engineer,Bachelor,32,9.0,6043.61,69.0,2015-09-04,No
688,Engineering,QA Engineer,Bachelor,28,8.0,5126.22,67.0,2016-12-05,No
183,Sales,Account Rep,Bachelor,41,3.0,4093.99,86.0,2021-08-18,No
618,Marketing,Content Specialist,Bachelor,38,1.0,5021.43,78.0,2023-12-23,No
333,Sales,Sales Manager,PhD,31,2.0,6666.2,75.0,2022-12-03,No
439,Engineering,Software Engineer,High School,43,1.0,3146.37,65.0,2023-02-22,No
931,Sales,Sales Manager,High School,45,0.0,2767.45,87.0,2024-05-22,No
6,Finance,Financial Analyst,Bachelor,35,1.0,4258.75,50.0,2023-01-25,Yes
530,Sales,Account Rep,Bachelor,27,2.2,3863.46,86.0,2024-02-27,No
235,Sales,Sales Executive,PhD,39,2.0,7160.04,52.0,2022-09-02,Yes
487,HR,HR Manager,High School,29,1.0,3734.05,53.0,2023-03-17,Yes
960,Engineering,Senior Engineer,Bachelor,48,15.0,7246.07,72.0,2009-09-04,No
498,Finance,Financial Analyst,PhD,21,3.0,7825.61,71.0,2021-02-14,No
885,Engineering,Software Engineer,PhD,30,7.0,7596.83,82.0,2017-12-13,No
954,Sales,Account Rep,Bachelor,38,0.0,3893.1,89.0,2024-01-16,No
107,Marketing,Content Specialist,Bachelor,28,0.0,3418.6,56.0,2024-11-08,No
444,Finance,Financial Analyst,Bachelor,45,2.0,3677.34,92.0,2022-04-21,No
489,HR,HR Manager,Bachelor,36,3.0,5426.21,80.0,2021-12-22,No
647,Engineering,QA Engineer,Master,37,0.0,5373.15,61.0,2024-01-05,No
13,Engineering,Senior Engineer,PhD,21,1.0,6225.14,73.0,2023-06-23,No
739,Marketing,Content Specialist,Bachelor,36,2.0,4617.35,82.0,2022-04-24,Yes
191,Marketing,Marketing Manager,Master,36,8.0,7561.49,53.0,2016-05-08,No
833,Finance,Accountant,Bachelor,29,4.0,4568.69,85.0,2020-03-08,No
283,HR,Recruiter,Bachelor,45,1.0,4655.59,86.0,2023-09-19,No
30,Sales,Sales Executive,High School,30,15.0,7457.83,79.0,2009-05-23,No
170,Sales,Sales Manager,PhD,40,6.0,4907.88,76.0,2018-01-23,Yes
181,Sales,Sales Manager,Bachelor,22,2.2,5882.64,68.0,2016-10-17,No
101,Finance,Finance Manager,Master,43,0.0,4195.62,77.0,2024-07-02,No
198,Finance,Finance Manager,PhD,27,2.0,6603.52,66.0,2022-03-10,No
496,Finance,Financial Analyst,Bachelor,40,0.0,4653.46,69.0,2024-10-07,No
722,Engineering,QA Engineer,High School,26,3.0,4435.21,84.0,2021-12-19,No
648,Finance,Finance Manager,Bachelor,28,0.0,3892.95,59.0,2024-04-07,No
45,Finance,Finance Manager,Master,35,0.0,5546.75,88.0,2024-01-11,No
992,Finance,Finance Manager,Master,21,5.0,4666.31,73.0,2019-04-08,No
711,Finance,Accountant,High School,42,1.0,3124.2,72.0,2023-08-27,No
374,Sales,Account Rep,Bachelor,29,0.0,3814.89,51.0,2024-02-12,Yes
679,Finance,Accountant,Master,33,2.0,3796.09,54.0,2022-11-23,Yes
940,HR,HR Specialist,Bachelor,48,1.0,3359.49,56.0,2023-02-27,No
649,Engineering,Software Engineer,Bachelor,38,5.0,5044.3,46.0,2019-01-10,No
798,Sales,Account Rep,Bachelor,27,0.0,4216.02,80.0,2024-05-26,No
848,Engineering,Senior Engineer,Master,32,0.0,3834.85,68.0,2024-08-11,No
461,Finance,Finance Manager,Bachelor,49,5.0,5314.79,65.6,2019-07-17,No
909,Engineering,Senior Engineer,Bachelor,37,2.0,4102.69,96.0,2022-09-06,No
414,Sales,Account Rep,Master,29,3.2,8229.91,69.0,2017-11-22,No
132,Marketing,Content Specialist,High School,53,0.0,3341.52,75.0,2024-11-19,No
40,Engineering,QA Engineer,Bachelor,32,2.0,5325.65,77.0,2022-09-07,No
435,HR,HR Manager,Bachelor,38,0.0,3487.53,70.0,2024-06-18,No
216,Engineering,QA Engineer,Bachelor,47,2.0,4981.16,73.8,2022-02-19,No
556,Engineering,Senior Engineer,Bachelor,21,1.0,6590.56,84.0,2013-11-20,No
567,Sales,Sales Executive,High School,26,3.0,3438.55,67.0,2021-06-05,No
763,Finance,Finance Manager,Bachelor,33,1.0,3473.12,77.0,2023-11-14,No
475,Sales,Account Rep,Bachelor,36,0.8,3315.65,95.0,2024-11-06,No
457,Engineering,Senior Engineer,High School,32,3.0,4276.78,43.0,2021-01-07,No
812,Engineering,Senior Engineer,Bachelor,34,5.0,4427.97,78.0,2019-07-20,No
261,Engineering,QA Engineer,Bachelor,33,8.0,6411.57,54.0,2016-02-16,No
817,Engineering,QA Engineer,Bachelor,52,0.0,3403.57,79.0,2024-02-01,Yes
36,Engineering,Senior Engineer,Bachelor,40,0.0,4023.46,70.0,2024-04-19,No
828,Finance,Accountant,High School,44,1.0,3228.55,67.0,2023-08-24,Yes
912,Finance,Accountant,Bachelor,26,1.0,4541.87,74.0,2023-10-17,No
310,Marketing,Content Specialist,Master,33,4.0,6177.48,40.0,2020-01-17,No
277,Finance,Accountant,Bachelor,32,3.0,3968.92,55.0,2021-10-23,No
637,Sales,Sales Executive,Bachelor,24,6.6,7729.73,94.0,2007-01-14,No
655,Engineering,QA Engineer,PhD,45,1.0,6970.03,71.4,2023-12-25,No
623,Marketing,Marketing Analyst,Master,37,0.0,5155.86,72.0,2024-11-13,No
836,Sales,Sales Manager,High School,24,6.0,4020.05,65.0,2018-08-25,No
845,HR,Recruiter,PhD,21,1.0,7550.64,80.0,2023-04-14,No
394,Marketing,Content Specialist,Bachelor,34,0.0,2922.01,55.0,2024-09-18,No
108,Sales,Sales Executive,Master,45,7.0,7181.48,87.0,2017-05-24,No
525,Engineering,Software Engineer,Bachelor,39,1.0,4274.24,69.0,2023-11-04,No
785,Marketing,Marketing Analyst,Bachelor,29,0.0,4436.73,84.0,2024-11-08,No
204,Marketing,Marketing Analyst,Master,34,3.0,5722.1,81.0,2021-04-06,No
988,Finance,Financial Analyst,Bachelor,21,0.0,3690.23,79.0,2024-12-03,No
632,Sales,Sales Executive,Bachelor,31,6.0,5946.66,86.0,2018-12-14,No
22,Finance,Accountant,Master,21,0.0,4710.62,80.0,2024-03-01,No
403,Sales,Sales Manager,Master,34,4.6,5705.92,61.0,2021-09-02,No
947,Finance,Accountant,High School,35,0.0,2825.53,70.0,2024-07-19,Yes
84,Engineering,Senior Engineer,Master,32,3.0,5040.91,55.0,2021-04-17,No
131,Engineering,Senior Engineer,Bachelor,24,2.0,3311.35,84.0,2022-07-06,No
896,Engineering,QA Engineer,High School,25,0.0,3103.09,63.0,2024-02-22,No
842,Sales,Sales Executive,Bachelor,28,2.0,4749.14,76.0,2022-05-03,No
742,Finance,Finance Manager,Bachelor,34,8.0,6147.19,72.0,2016-03-19,No
698,Engineering,Senior Engineer,High School,47,4.0,3897.0,85.0,2020-06-26,No
287,Engineering,QA Engineer,Master,39,2.0,4395.54,75.0,2022-08-09,No
124,Finance,Finance Manager,High School,21,14.0,7318.72,78.0,2010-07-12,No
34,Engineering,Senior Engineer,Bachelor,26,5.0,5499.97,82.0,2019-09-24,No
788,Finance,Accountant,PhD,45,5.0,5324.86,58.0,2019-02-02,No
517,Finance,Finance Manager,Bachelor,21,7.2,7875.63,75.0,2012-04-18,No
924,Engineering,Software Engineer,Master,41,2.0,4514.92,80.0,2022-07-17,No
20,Engineering,QA Engineer,Master,39,3.0,4529.54,73.0,2021-06-06,No
989,Engineering,QA Engineer,PhD,34,6.0,9601.02,61.0,2018-11-24,No
220,Sales,Sales Manager,High School,37,2.0,3399.7,65.2,2022-12-13,No
892,Marketing,Marketing Manager,Bachelor,33,8.0,5881.8,68.0,2016-12-12,No
580,Sales,Sales Manager,Bachelor,45,10.0,8202.95,78.0,2014-04-09,No
482,Engineering,QA Engineer,High School,27,3.0,3901.29,74.0,2021-06-10,No
932,Finance,Accountant,Master,30,4.0,6808.08,71.0,2020-05-11,No
357,Sales,Sales Executive,Bachelor,39,4.0,4573.44,59.0,2020-05-03,No
662,Sales,Sales Executive,Master,25,0.0,5034.96,65.0,2024-07-23,Yes
225,Marketing,Content Specialist,Bachelor,29,5.0,5165.41,72.2,2019-06-17,No
760,Engineering,QA Engineer,Master,21,4.0,4913.53,52.0,2020-03-12,No
93,Sales,Sales Executive,Master,21,7.0,6255.51,80.0,2017-05-14,No
152,Engineering,QA Engineer,Bachelor,41,2.6,4783.74,68.0,2023-06-05,No
318,Marketing,Content Specialist,Bachelor,39,6.0,6436.15,64.0,2018-01-01,No
449,Finance,Financial Analyst,Bachelor,45,7.0,6655.89,75.0,2017-02-09,No
804,HR,Recruiter,Bachelor,39,1.0,3560.78,78.0,2023-06-14,No
746,Sales,Sales Manager,High School,38,2.0,2928.28,75.0,2022-07-20,No
523,Engineering,Senior Engineer,Bachelor,29,6.0,6181.07,66.0,2018-09-01,No
280,Engineering,Senior Engineer,Bachelor,23,1.0,3521.46,62.0,2023-11-09,No
584,Finance,Financial Analyst,High School,33,3.0,3513.35,66.0,2021-09-17,No
765,Sales,Account Rep,Bachelor,22,0.0,4991.92,83.0,2024-06-06,No
605,Sales,Account Rep,Master,42,0.0,4470.08,58.0,2024-09-07,Yes
350,HR,Recruiter,Master,21,3.0,4757.2,63.0,2021-02-10,No
928,HR,Recruiter,PhD,40,0.0,5206.24,54.0,2024-02-20,No
375,Finance,Finance Manager,Bachelor,34,3.0,4943.66,78.0,2021-06-05,No
401,Sales,Account Rep,Bachelor,38,4.0,4453.71,57.0,2020-11-17,No
705,HR,HR Specialist,Bachelor,27,1.0,3769.78,72.0,2023-12-06,No
258,Sales,Account Rep,High School,33,14.0,5020.07,67.0,2010-03-06,No
945,Finance,Finance Manager,Master,35,9.0,8021.58,76.0,2015-11-15,No
852,Sales,Account Rep,Master,34,3.0,6135.66,71.0,2021-01-27,No
73,Engineering,Software Engineer,Bachelor,32,3.0,5025.16,59.0,2021-01-20,No
196,Sales,Sales Executive,Master,28,0.0,4427.1,74.0,2024-09-19,No
484,Engineering,QA Engineer,High School,44,0.0,2997.92,76.0,2024-11-06,No
856,Marketing,Marketing Manager,Bachelor,39,3.0,4145.64,75.0,2021-05-18,No
495,Sales,Sales Manager,Bachelor,49,4.0,5098.93,55.0,2020-05-17,Yes
773,Engineering,QA Engineer,Bachelor,46,1.0,2785.95,82.0,2023-11-09,No
463,Sales,Sales Manager,Bachelor,30,1.0,3362.98,89.0,2023-03-22,No
202,HR,HR Specialist,Bachelor,25,12.0,6307.28,73.0,2012-07-17,No
291,HR,HR Manager,Bachelor,46,3.0,3071.45,87.0,2021-12-21,No
764,Marketing,Marketing Analyst,Master,38,5.0,5808.31,69.0,2019-10-27,No
950,Marketing,Marketing Manager,Bachelor,37,1.0,3542.18,68.0,2023-12-06,No
184,Sales,Sales Manager,Bachelor,38,9.0,5746.19,67.0,2015-05-16,No
251,Sales,Account Rep,High School,32,3.0,4793.1,100.0,2021-06-05,No
824,Engineering,Software Engineer,Bachelor,28,0.0,2089.16,80.0,2024-10-02,No
941,Finance,Finance Manager,Bachelor,23,0.0,3914.39,68.0,2024-02-18,No
392,Engineering,Software Engineer,Master,47,0.0,6458.62,54.0,2024-02-13,No
905,Engineering,Senior Engineer,High School,21,0.0,2647.39,61.0,2024-11-16,Yes
731,Sales,Sales Executive,High School,30,1.0,3591.59,58.0,2023-03-12,Yes
555,Engineering,Software Engineer,Master,38,0.0,4563.14,83.0,2024-05-18,Yes
367,Sales,Account Rep,High School,27,2.0,4664.63,44.0,2022-01-18,No
536,Sales,Sales Manager,Master,41,8.0,5712.69,81.0,2016-01-17,No
920,Engineering,Senior Engineer,Bachelor,33,11.0,7315.0,58.0,2013-04-10,No
212,Marketing,Content Specialist,Bachelor,35,4.0,4821.96,56.0,2020-05-12,No
538,Finance,Financial Analyst,Bachelor,31,3.0,4262.34,59.0,2021-12-11,No
176,Sales,Account Rep,High School,27,0.0,1909.09,82.0,2024-02-24,No
